{"/5TxP6rB5Xsj6wML99MSww==":"logo2.png","m3xv8yGrGWZ4O/bEz3LB+Q==":"women-1.jpg","6Wxb3s6ocFYEtkfVh/cZaQ==":"word-1.jpg","HfO7NJnweXRDZvw8YXVz8A==":"word-3.jpg","6m/OU/XBUwrRH0ZXfTq4Ow==":"word-2.jpg","kn7qXpK11Bx/xxf45/U0pA==":"word-4.jpg","IQZLhYtqcuQgJrqLH44HeA==":"word-5.jpg","vSH+D/f1uynalms0oTVrlA==":"word-6.jpg","Cj73YKUSweiqZWIyBQIMyA==":"man-3.jpg","3mFfXUT1y8B3fwSyXYr0aQ==":"office-3.jpg","jnww8yLvDWoYnNgDwkA8tA==":"sneakers.jpg","rF1qRX1X2N1JiZWeaOxUmA==":"porsche.jpg","KMgIMb2VOgnkgkZZalrrJQ==":"bike.jpg","DW3izTzZPnAwHlq6YXV1iQ==":"team1.jpg","FdhK5xex5lG+IFoSKix1zA==":"team2.jpg","qb71uR5rI2P+sE0WiHyXNg==":"interion.jpg","b+buQZikE+5p3sfc8xp+eg==":"team3.jpg","AFWbLwGHsp27Mh8eDJZRQQ==":"people-3.jpg","IS6ZMXNrwkOUuDfC+fLF3Q==":"people-1.jpg","fGtEck5sgPRBIhyCb256Uw==":"people-5.jpg","2MPMaoYZ8jRAHgut82ScUA==":"people-6.jpg","cmJ7PpOCTEr6dSMzCZ+wDA==":"people-4.jpg","Cu2DpAN8j8FAVP+lY8cxGQ==":"people-2.jpg","BYkFurULi1/d9Pm0xGeZkw==":"team4.jpg","TF2xPAfvZt0/QEfjOXNfwQ==":"09-1280x779.jpg","5Wb64dW+Yz1dv5kgHalF9w==":"01-1280x890.jpg","6FMuDJFXbY6FA8WXgAP54w==":"01-1268x882.jpg","fedCze6rOEzo2xqdnn4hSA==":"%D8%A7%D9%84%D9%87%D9%88%D9%8A%D8%A9%20%D8%A7%D9%84%D8%A8%D8%B5%D8%B1%D9%8A%D8%A9-254x66.png","UfvoRe1JgEnzsgA25acNPA==":"%D8%A7%D9%84%D8%B1%D8%AC%D9%88%D8%B9%20%D9%84%D9%84%D8%B1%D8%A6%D9%8A%D8%B3%D9%8A%D8%A9-254x63.png","gv2bMNyZZqYTuM9OZHenBw==":"%D8%AA%D8%B5%D9%85%D9%8A%D9%85%20%D9%88%D8%A8%D8%B1%D9%85%D8%AC%D8%A9%20%D8%A7%D9%84%D8%AA%D8%B7%D8%A8%D9%8A%D9%82%D8%A7%D8%AA-254x40.png","JPZhpz6WuS39GnzWun/41Q==":"%D8%AA%D8%B5%D9%85%D9%8A%D9%85%20%D9%88%D8%A8%D8%B1%D9%85%D8%AC%D8%A9%D8%A7%D9%84%D8%AA%D8%B7%D8%A8%D9%8A%D9%82%D8%A7%D8%AA-254x139.png","+JJEs5VRpvNT1/Ao98gH8A==":"%D8%AA%D8%B5%D9%85%D9%8A%D9%85%20%D8%A7%D9%84%D8%AC%D8%B1%D8%A7%D9%81%D9%8A%D9%83-254x62.png","FOdS5smoawZvUO4z2/ek6A==":"%D9%83%D8%AA%D8%A7%D8%A8%D8%A9%20%D8%A7%D9%84%D9%85%D8%AD%D8%AA%D9%88%D9%89%D9%88%D8%AE%D8%AF%D9%85%D8%A7%D8%AA%20%D8%A7%D9%84%D8%B3%D9%8A%D9%88-254x137.png","QcAG7I/sdJYqm4ES9nnBYw==":"%D8%A7%D9%84%D9%87%D9%88%D9%8A%D8%A9%20%D8%A7%D9%84%D8%A8%D8%B5%D8%B1%D9%8A%D8%A9-254x65.png","QkSqhrmgyOZ4fwUmxjQkLQ==":"%D8%A7%D9%84%D8%AA%D8%B3%D9%88%D9%8A%D9%82%20%D8%A7%D9%84%D8%B1%D9%82%D9%85%D9%8A-254x59.png","8ZTC/zmqwNyaxh0w9+Kkbg==":"%D8%AA%D8%B5%D9%85%D9%8A%D9%85%20%D8%A7%D9%84%D9%85%D9%88%D8%B4%D9%86%D8%AC%D8%B1%D8%A7%D9%81%D9%8A%D9%83-254x130.png","OdjmjzaBzPfDmCiKESQ2xw==":"%D8%AA%D8%B5%D9%85%D9%8A%D9%85%20%D9%88%D8%A8%D8%B1%D9%85%D8%AC%D8%A9%D8%A7%D9%84%D9%85%D9%88%D8%A7%D9%82%D8%B9-254x139.png","g6u/2uPJNATvPgWgi0zwOQ==":"%D9%87%D8%B4%D8%A7%D9%85-1280x960.jpg","yi54wx1IxJr1M24kZ5jEiA==":"vi%20(7)-1280x960.jpg","r8e8dC1R2bMTrfxVfQ205A==":"vi%20(10)-1280x853.jpg","QYW8uxqwm8z9oBo/xxa+3g==":"%D9%87%D8%B4%D8%A7%D9%85-23-940x705.png","2wzIOIC6qbipqnc6PwhV4w==":"%D9%87%D8%B4%D8%A7%D9%85-18-940x705.png","qJThWkW9h4Sw44yTQ/sVxA==":"%D9%87%D8%B4%D8%A7%D9%85-13-940x705.png","Fjo7vhRGCbAEAy826rDaOQ==":"%D9%87%D8%B4%D8%A7%D9%85-940x705.png","3Qvtpt0Bo6VT5mq4jXDNFQ==":"%D9%87%D8%B4%D8%A7%D9%85-9-940x705.png","tmTQcjZ4ZbevlRzixmB0yA==":"%D9%87%D8%B4%D8%A7%D9%85-3-940x705.png","ZiIOVutilZ+Sc3rvYe1LFg==":"%D9%87%D8%B4%D8%A7%D9%85-27-940x705.png","E6xZ2ijvwBXp4Rjzu9Um5Q==":"%D9%87%D8%B4%D8%A7%D9%85-8-940x705.png","HEOMhFo+6qmdpLtmH93Ulw==":"vi%20(7)-940x705.png","7uzDSGhG8SSLDoj972mwpA==":"%D9%87%D8%B4%D8%A7%D9%85-7-940x705.png","qvm3rgYDRXdfbwF9XzTQ0w==":"%D9%87%D8%B4%D8%A7%D9%85-21-940x705.png","JorCfRK7MAtGTs5vK0fYlw==":"%D9%87%D8%B4%D8%A7%D9%85-14-940x705.png","JSR1SoAd9nyg7p6pHrzR8Q==":"%D9%87%D8%B4%D8%A7%D9%85-19-940x705.png","uShQjftGoOTmN+GPPpDskQ==":"76453-940x705.png","GWRcwm/V+3bLEYsCfIA11w==":"%D9%87%D8%B4%D8%A7%D9%85-24-940x705.png","S/PLe2nrCWP8DTHgL4dGmw==":"%D8%B7%D9%84%D8%A7%D8%A6%D8%B929-1080x1080.jpg","XUwAeduWJHYtAESYsYFGDw==":"%D8%A7%D9%84%D8%B9%D9%82%D9%84%20%D8%A7%D9%84%D8%B1%D9%82%D9%85%D9%8A%20%20%D8%A7%D9%86%D8%B3%D8%AA%D8%A7%20%20stp-1080x1080.png","nXoKwavDvSKQJA/cn81PPw==":"%D8%A7%D9%87%D9%84%D9%8A%D8%A9-20-1080x1080.png","9PBLFA26qRNfOXErPb4log==":"%D9%87%D8%B4%D8%A7%D9%85-15-940x705.png","kWW9fqPYPzeszboXXXSvdQ==":"%D9%87%D8%B4%D8%A7%D9%85-16-940x705.png","v86/XHLAj3/2giqZ8DWK+w==":"%D9%87%D8%B4%D8%A7%D9%85-26-940x705.png","nsDXpi+Ic/4MEDMdx+HtOQ==":"%D9%87%D8%B4%D8%A7%D9%85-5-940x705.png","VsaIZwwN808Ej9yPm9toYA==":"%D9%87%D8%B4%D8%A7%D9%85-20-940x705.png","txOmbrXyBXASQ7SGOLQGeQ==":"%D9%87%D8%B4%D8%A7%D9%85-4-940x705.png","n/neHDFnW7n53c5CInLYqw==":"1-1-1543x757.png","u34NJpSMW+yXLXoGn+iGow==":"logo1.png"}